username,password,created_timestamp
daliajiya,yusWa7C5ZW,2024-01-04 08:09:52
kanavbarman,imom6iUUKC,2021-05-16 07:18:35
dbali,ujTyMTPYAV,2020-08-27 12:19:55
fbava,Y5tFUb2LCj,2022-07-20 00:04:41
bailhimmat,42HiRaNs6c,2022-08-15 06:27:49
hiranseshadri,qoXbVxl9M5,2023-08-25 07:47:19
taimurbhatt,miAuCJyEMC,2022-03-06 16:59:26
yuvaanahluwalia,GRmYvJWzww,2020-09-23 01:23:52
agarwalmadhup,9ENQiZIQs2,2023-10-06 05:49:33
vanya24,A0pUUPfc58,2023-08-02 20:54:21
buchmanjari,6adBB3BvBu,2023-10-10 11:59:57
chaudrytejas,mT8cgpRmPt,2022-09-24 05:28:17
lakshitdani,ESebwGHy8G,2021-08-05 09:42:46
aarna61,iDZRzd6V6l,2021-02-14 16:11:09
emir78,hOVydMJ8lD,2022-05-05 16:20:01
aniruddhbumb,dtoOjYvDGC,2021-09-30 23:43:11
mallickjayan,Voxih42Z68,2020-04-17 23:26:06
kbassi,J2Vift4No4,2021-11-18 12:10:47
eva42,aQNUpQe9HP,2022-10-19 20:56:44
lsankaran,hzBfiOlVVa,2022-06-27 23:05:57
bhavinjoshi,oCIuucqkt4,2020-01-18 02:44:43
uchaudhry,o8u7jjegvb,2020-06-19 10:52:20
bijubansal,IUbvebKAjC,2021-06-11 07:20:48
stuvan23,G58Zo8ilSQ,2023-06-08 06:09:35
divit24,43TQkXDboT,2022-03-31 00:33:47
mallickarhaan,ROFI6hoQEh,2024-01-06 16:26:29
sulekiara,OKnnLWcoPa,2023-09-16 00:50:48
nishithmanda,xQ08Y0f0Fg,2022-04-23 23:58:07
umangdeep,rURNWwGCMJ,2023-12-18 15:48:33
bhatrenee,Fu5yLOR7EJ,2021-10-14 14:13:02
vaibhav06,fMBsei9Zbn,2024-01-22 15:39:59
samarwalla,LjK1Fj8DPr,2023-05-12 00:35:52
xdesai,HkZk1437mk,2023-09-14 18:55:02
farya,BgopGCWVUL,2023-05-01 07:12:08
ckaur,RDhDK5GFi2,2023-09-02 13:34:52
jayantsarraf,sW7l7EtgjC,2023-07-28 21:17:02
shlok62,br7w177WXM,2020-12-06 04:45:51
neelofarramakrishnan,Ehy8RuOyFK,2021-03-09 21:34:42
krishzara,Ku8JTlybaq,2021-03-05 06:35:17
manjari72,xUQkdMUFHX,2021-08-28 04:24:08
navya53,jVejlNzbQa,2022-03-06 02:46:29
zoyakari,9JibYpqHfr,2020-02-14 08:26:10
amann,QFeequpNEa,2020-03-31 01:20:07
keya76,AGNzSYkzK0,2023-03-05 12:19:55
charvi25,pSGnwhqhZB,2021-07-06 22:05:30
devanshaggarwal,wsyf6Vu93d,2020-12-14 09:29:49
banikhridaan,MSuTMo3SJ5,2020-06-13 02:51:17
samarth47,VfWoyeyTCm,2024-01-21 19:45:03
shraysekhon,uyumneqaDp,2021-07-23 01:47:44
zmagar,PMbcXIhjws,2022-04-08 22:31:29
